USE QLSVNhom;
GO

/* Cleanup */
DELETE FROM dbo.BANGDIEM;
DELETE FROM dbo.SINHVIEN;
DELETE FROM dbo.HOCPHAN;
DELETE FROM dbo.LOP;
DELETE FROM dbo.NHANVIEN;
GO

IF EXISTS (SELECT 1 FROM sys.asymmetric_keys WHERE name = 'NV11') DROP ASYMMETRIC KEY [NV11];
IF EXISTS (SELECT 1 FROM sys.asymmetric_keys WHERE name = 'NV12') DROP ASYMMETRIC KEY [NV12];
IF EXISTS (SELECT 1 FROM sys.asymmetric_keys WHERE name = 'NV13') DROP ASYMMETRIC KEY [NV13];
IF EXISTS (SELECT 1 FROM sys.asymmetric_keys WHERE name = 'NV14') DROP ASYMMETRIC KEY [NV14];
IF EXISTS (SELECT 1 FROM sys.asymmetric_keys WHERE name = 'NV15') DROP ASYMMETRIC KEY [NV15];
GO

/* NHANVIEN (Generates RSA_2048 and SHA2_256 via SP) */
EXEC dbo.SP_INS_PUBLIC_NHANVIEN 'NV11', N'Nguyen Van An',  'nv11@fit.vn', 12000000, N'nvan',   N'mkNV11';
EXEC dbo.SP_INS_PUBLIC_NHANVIEN 'NV12', N'Tran Thi Binh',  'nv12@fit.vn', 13500000, N'tbinh',  N'mkNV12';
EXEC dbo.SP_INS_PUBLIC_NHANVIEN 'NV13', N'Le Quang Huy',   'nv13@fit.vn', 15000000, N'lqhuy',  N'mkNV13';
EXEC dbo.SP_INS_PUBLIC_NHANVIEN 'NV14', N'Pham Minh Khoa', 'nv14@fit.vn', 14200000, N'pmkhoa', N'mkNV14';
EXEC dbo.SP_INS_PUBLIC_NHANVIEN 'NV15', N'Vo Thanh Long',  'nv15@fit.vn', 12800000, N'vtlong', N'mkNV15';
GO

/* LOP */
INSERT INTO dbo.LOP (MALOP, TENLOP, MANV)
VALUES
('L01', N'22CNTT1', 'NV11'),
('L02', N'22CNTT2', 'NV12'),
('L03', N'23CNTT1', 'NV13'),
('L04', N'23CNTT2', 'NV14'),
('L05', N'24CNTT1', 'NV15');
GO

/* HOCPHAN */
INSERT INTO dbo.HOCPHAN (MAHP, TENHP, SOTC)
VALUES
('HP01', N'Co so du lieu', 3),
('HP02', N'Lap trinh C#', 4),
('HP03', N'Mang may tinh', 3),
('HP04', N'He dieu hanh', 4),
('HP05', N'An toan thong tin', 3);
GO

/* SINHVIEN (SHA2_256) */
INSERT INTO dbo.SINHVIEN (MASV, HOTEN, NGAYSINH, DIACHI, MALOP, TENDN, MATKHAU)
VALUES
('SV01', N'Nguyen Hai Dang', '2004-01-15', N'TP.HCM',     'L01', N'sv01', HASHBYTES('SHA2_256', N'sv01pass')),
('SV02', N'Tran Ngoc Mai',   '2004-03-22', N'Dong Nai',   'L02', N'sv02', HASHBYTES('SHA2_256', N'sv02pass')),
('SV03', N'Le Duc Anh',      '2005-07-09', N'Binh Duong', 'L03', N'sv03', HASHBYTES('SHA2_256', N'sv03pass')),
('SV04', N'Pham Gia Han',    '2005-11-30', N'Long An',    'L04', N'sv04', HASHBYTES('SHA2_256', N'sv04pass')),
('SV05', N'Vo Minh Thu',     '2006-05-18', N'Tay Ninh',   'L05', N'sv05', HASHBYTES('SHA2_256', N'sv05pass'));
GO

/* BANGDIEM (RSA_2048 keys of the managing NV) */
INSERT INTO dbo.BANGDIEM (MASV, MAHP, DIEMTHI)
VALUES
('SV01', 'HP01', ENCRYPTBYASYMKEY(ASYMKEY_ID('NV11'), CONVERT(VARBINARY(16), CAST(8.50 AS DECIMAL(4,2))))),
('SV02', 'HP02', ENCRYPTBYASYMKEY(ASYMKEY_ID('NV12'), CONVERT(VARBINARY(16), CAST(7.75 AS DECIMAL(4,2))))),
('SV03', 'HP03', ENCRYPTBYASYMKEY(ASYMKEY_ID('NV13'), CONVERT(VARBINARY(16), CAST(9.00 AS DECIMAL(4,2))))),
('SV04', 'HP04', ENCRYPTBYASYMKEY(ASYMKEY_ID('NV14'), CONVERT(VARBINARY(16), CAST(6.50 AS DECIMAL(4,2))))),
('SV05', 'HP05', ENCRYPTBYASYMKEY(ASYMKEY_ID('NV15'), CONVERT(VARBINARY(16), CAST(8.00 AS DECIMAL(4,2)))));
GO

/* Checks */
SELECT COUNT(*) AS SoDong_NHANVIEN FROM dbo.NHANVIEN;
SELECT COUNT(*) AS SoDong_LOP      FROM dbo.LOP;
SELECT COUNT(*) AS SoDong_HOCPHAN  FROM dbo.HOCPHAN;
SELECT COUNT(*) AS SoDong_SINHVIEN FROM dbo.SINHVIEN;
SELECT COUNT(*) AS SoDong_BANGDIEM FROM dbo.BANGDIEM;
GO

/* Test decryption via SP */
EXEC dbo.SP_SEL_PUBLIC_NHANVIEN N'nvan', N'mkNV11';
GO

/* ADD(d): Test dang nhap */
EXEC dbo.SP_LOGIN_NHANVIEN 'NV11', N'mkNV11';
GO

/* ADD(d): Test xem lop cua nhan vien */
EXEC dbo.SP_LOP_LIST_BY_MANV 'NV11';
GO

/* ADD(d): Test xem sinh vien theo lop (lop do NV11 quan ly) */
EXEC dbo.SP_SINHVIEN_LIST_BY_LOP_MANV 'NV11', 'L01';
GO

/* ADD(d): Test cap nhat diem thi ma hoa bang Public Key NV11 */
EXEC dbo.SP_BANGDIEM_UPSERT_BY_MANV 'NV11', 'SV01', 'HP01', 9.25;
GO

/* ADD(d): Test xem bang diem da giai ma */
EXEC dbo.SP_BANGDIEM_LIST_BY_MANV 'NV11', N'mkNV11', 'L01';
GO